aircraft_id,ref_month,y,year_month,env_available,flag_prior_corrosion
002eab,2023-04,0,2023-04,True,False
002eab,2025-04,1,2025-04,True,False
009e95,2020-04,0,2020-04,True,False
009e95,2022-04,1,2022-04,True,False
01c05c,2023-01,0,2023-01,True,False
01c05c,2025-01,1,2025-01,True,False
02884d,2019-03,0,2019-03,True,False
02884d,2021-03,1,2021-03,True,False
02d1d2,2022-04,0,2022-04,True,False
02d1d2,2024-04,1,2024-04,True,False
02dba8,2022-06,0,2022-06,True,False
02dba8,2024-06,1,2024-06,True,False
02f174,2019-12,0,2019-12,True,False
02f174,2021-12,1,2021-12,True,False
03892b,2019-02,0,2019-02,True,False
03892b,2021-02,1,2021-02,True,False
043537,2019-08,0,2019-08,True,False
043537,2021-08,1,2021-08,True,False
0439c1,2022-04,0,2022-04,True,False
0439c1,2024-04,1,2024-04,True,False
047c3b,2021-08,0,2021-08,True,False
047c3b,2023-08,1,2023-08,True,False
04ff3d,2019-11,0,2019-11,True,False
04ff3d,2021-11,1,2021-11,True,False
050400,2016-10,0,2016-10,True,False
050400,2018-10,1,2018-10,True,False
0526ac,2021-10,0,2021-10,True,False
0526ac,2023-10,1,2023-10,True,False
06f4d3,2020-12,0,2020-12,False,False
06f4d3,2022-12,1,2022-12,True,False
072ce8,2022-02,0,2022-02,True,False
072ce8,2024-02,1,2024-02,True,False
075c19,2021-05,0,2021-05,True,False
075c19,2023-05,1,2023-05,True,False
0769f1,2022-01,0,2022-01,True,False
0769f1,2024-01,1,2024-01,True,False
077ee1,2016-10,0,2016-10,False,False
077ee1,2018-10,1,2018-10,True,False
08647c,2019-11,0,2019-11,True,False
08647c,2021-11,1,2021-11,True,False
0898e2,2023-04,0,2023-04,True,False
0898e2,2025-04,1,2025-04,True,False
08ce08,2018-01,0,2018-01,False,False
08ce08,2020-01,1,2020-01,True,False
0932c4,2023-10,0,2023-10,True,False
0932c4,2025-10,1,2025-10,False,False
09958c,2022-03,0,2022-03,True,False
09958c,2024-03,1,2024-03,True,False
09b5d6,2022-05,0,2022-05,False,False
09b5d6,2024-05,1,2024-05,False,False
09fe89,2017-06,0,2017-06,True,False
09fe89,2019-06,1,2019-06,True,False
0ab5cf,2022-05,0,2022-05,True,False
0ab5cf,2024-05,1,2024-05,True,False
0bdf39,2023-11,0,2023-11,True,False
0bdf39,2025-11,1,2025-11,False,False
0c708c,2024-01,0,2024-01,False,False
0c708c,2026-01,1,2026-01,False,False
0c7134,2023-08,0,2023-08,True,False
0c7134,2025-08,1,2025-08,True,False
0c8a7b,2015-03,0,2015-03,False,False
0c8a7b,2017-03,1,2017-03,True,False
0e0f44,2019-01,0,2019-01,True,False
0e0f44,2021-01,1,2021-01,True,False
0e2ce0,2023-08,0,2023-08,True,False
0e2ce0,2025-08,1,2025-08,True,False
0e6737,2021-05,0,2021-05,True,False
0e6737,2023-05,1,2023-05,True,False
0e69c3,2022-07,0,2022-07,False,False
0e69c3,2024-07,1,2024-07,False,False
0f3d54,2021-10,0,2021-10,True,False
0f3d54,2023-10,1,2023-10,True,False
0f51e9,2023-12,0,2023-12,False,False
0f51e9,2025-12,1,2025-12,False,False
0f870a,2024-03,0,2024-03,True,False
0f870a,2026-03,1,2026-03,False,False
0fcc11,2022-08,0,2022-08,True,False
0fcc11,2024-08,1,2024-08,True,False
10ab51,2023-12,0,2023-12,True,False
10ab51,2025-12,1,2025-12,False,False
11725a,2020-06,0,2020-06,True,False
11725a,2022-06,1,2022-06,True,False
117e01,2017-01,0,2017-01,True,False
117e01,2019-01,1,2019-01,True,False
119f57,2023-02,0,2023-02,True,False
119f57,2025-02,1,2025-02,True,False
12638e,2021-11,0,2021-11,True,False
12638e,2023-11,1,2023-11,True,False
127b58,2022-05,0,2022-05,True,False
127b58,2024-05,1,2024-05,True,False
12877b,2022-10,0,2022-10,True,False
12877b,2024-10,1,2024-10,True,False
12c687,2021-12,0,2021-12,True,False
12c687,2023-12,1,2023-12,True,False
131125,2021-12,0,2021-12,True,False
131125,2023-12,1,2023-12,True,False
131280,2023-12,0,2023-12,True,False
131280,2025-12,1,2025-12,False,False
1341e7,2024-04,0,2024-04,True,False
1341e7,2026-04,1,2026-04,False,False
144bf1,2021-03,0,2021-03,True,False
144bf1,2023-03,1,2023-03,True,False
15ffd5,2020-10,0,2020-10,True,False
15ffd5,2022-10,1,2022-10,True,False
166e88,2019-01,0,2019-01,True,False
166e88,2021-01,1,2021-01,True,False
169f0d,2021-11,0,2021-11,True,False
169f0d,2023-11,1,2023-11,True,False
16b2a4,2022-02,0,2022-02,True,False
16b2a4,2024-02,1,2024-02,True,False
16fa1f,2023-05,0,2023-05,True,False
16fa1f,2025-05,1,2025-05,True,False
171b7a,2023-09,0,2023-09,True,False
171b7a,2025-09,1,2025-09,True,False
17cc99,2023-01,0,2023-01,False,False
17cc99,2025-01,1,2025-01,True,False
17dfa5,2019-11,0,2019-11,True,False
17dfa5,2021-11,1,2021-11,True,False
1844e5,2022-02,0,2022-02,True,False
1844e5,2024-02,1,2024-02,True,False
192eb9,2019-09,0,2019-09,True,False
192eb9,2021-09,1,2021-09,True,False
194f72,2023-02,0,2023-02,True,False
194f72,2025-02,1,2025-02,True,False
195f58,2018-05,0,2018-05,False,False
195f58,2020-05,1,2020-05,True,False
19ee47,2024-01,0,2024-01,True,False
19ee47,2026-01,1,2026-01,False,False
1a9cf6,2023-04,0,2023-04,True,False
1a9cf6,2025-04,1,2025-04,True,False
1ac50a,2017-12,0,2017-12,False,False
1ac50a,2019-12,1,2019-12,False,False
1b548e,2021-03,0,2021-03,True,False
1b548e,2023-03,1,2023-03,True,False
1ca0f0,2023-05,0,2023-05,True,False
1ca0f0,2025-05,1,2025-05,True,False
1cc0ac,2020-06,0,2020-06,True,False
1cc0ac,2022-06,1,2022-06,True,False
1d239b,2024-04,0,2024-04,True,False
1d239b,2026-04,1,2026-04,False,False
1d31bc,2023-01,0,2023-01,True,False
1d31bc,2025-01,1,2025-01,True,False
1da921,2022-03,0,2022-03,True,False
1da921,2024-03,1,2024-03,True,False
1ded5e,2023-06,0,2023-06,True,False
1ded5e,2025-06,1,2025-06,True,False
1dfc25,2018-01,0,2018-01,True,False
1dfc25,2020-01,1,2020-01,True,False
1e2a3c,2022-05,0,2022-05,True,False
1e2a3c,2024-05,1,2024-05,True,False
1e2c16,2023-03,0,2023-03,True,False
1e2c16,2025-03,1,2025-03,True,False
1e412e,2020-02,0,2020-02,True,False
1e412e,2022-02,1,2022-02,True,False
1e8526,2023-12,0,2023-12,False,False
1e8526,2025-12,1,2025-12,False,False
1ea15d,2022-03,0,2022-03,True,False
1ea15d,2024-03,1,2024-03,True,False
1ec930,2023-08,0,2023-08,True,False
1ec930,2025-08,1,2025-08,True,False
1ece59,2019-03,0,2019-03,True,False
1ece59,2021-03,1,2021-03,True,False
1f0dba,2022-11,0,2022-11,True,False
1f0dba,2024-11,1,2024-11,True,False
1fefee,2023-07,0,2023-07,True,False
1fefee,2025-07,1,2025-07,True,False
20b197,2020-11,0,2020-11,True,False
20b197,2022-11,1,2022-11,True,False
20e17f,2018-10,0,2018-10,False,False
20e17f,2020-10,1,2020-10,False,False
20ec38,2024-03,0,2024-03,True,False
20ec38,2026-03,1,2026-03,False,False
22655b,2020-09,0,2020-09,False,False
22655b,2022-09,1,2022-09,False,False
234d70,2022-07,0,2022-07,True,False
234d70,2024-07,1,2024-07,True,False
244977,2020-11,0,2020-11,True,False
244977,2022-11,1,2022-11,True,False
24e25f,2023-08,0,2023-08,True,False
24e25f,2025-08,1,2025-08,True,False
255bee,2019-03,0,2019-03,True,False
255bee,2021-03,1,2021-03,True,False
25a31e,2024-02,0,2024-02,True,False
25a31e,2026-02,1,2026-02,False,False
25cf0e,2023-05,0,2023-05,True,False
25cf0e,2025-05,1,2025-05,True,False
261997,2017-05,0,2017-05,True,False
261997,2019-05,1,2019-05,True,False
266e3f,2021-04,0,2021-04,True,False
266e3f,2023-04,1,2023-04,True,False
26f93d,2022-04,0,2022-04,True,False
26f93d,2024-04,1,2024-04,True,False
272b37,2022-07,0,2022-07,True,False
272b37,2024-07,1,2024-07,True,False
27e6f6,2023-08,0,2023-08,True,False
27e6f6,2025-08,1,2025-08,True,False
280763,2020-05,0,2020-05,True,False
280763,2022-05,1,2022-05,True,False
281c9a,2022-07,0,2022-07,True,False
281c9a,2024-07,1,2024-07,True,False
282771,2022-01,0,2022-01,True,False
282771,2024-01,1,2024-01,True,False
289ad9,2022-11,0,2022-11,True,False
289ad9,2024-11,1,2024-11,True,False
28b0ee,2019-11,0,2019-11,True,False
28b0ee,2021-11,1,2021-11,True,False
29b687,2023-02,0,2023-02,True,False
29b687,2025-02,1,2025-02,True,False
29bf18,2024-03,0,2024-03,True,False
29bf18,2026-03,1,2026-03,False,False
2a6f60,2023-01,0,2023-01,False,False
2a6f60,2025-01,1,2025-01,False,False
2a9674,2019-06,0,2019-06,True,False
2a9674,2021-06,1,2021-06,True,False
2b072f,2018-06,0,2018-06,True,False
2b072f,2020-06,1,2020-06,True,False
2b2fc9,2021-10,0,2021-10,True,False
2b2fc9,2023-10,1,2023-10,True,False
2cf591,2024-02,0,2024-02,True,False
2cf591,2026-02,1,2026-02,False,False
2d3a5e,2020-03,0,2020-03,True,False
2d3a5e,2022-03,1,2022-03,True,False
2d6473,2022-07,0,2022-07,True,False
2d6473,2024-07,1,2024-07,True,False
2dc203,2022-09,0,2022-09,True,False
2dc203,2024-09,1,2024-09,True,False
2dc3f4,2021-01,0,2021-01,True,False
2dc3f4,2023-01,1,2023-01,True,False
2e9a0f,2018-02,0,2018-02,True,False
2e9a0f,2020-02,1,2020-02,True,False
2ee526,2023-03,0,2023-03,True,False
2ee526,2025-03,1,2025-03,True,False
2efea8,2021-05,0,2021-05,True,False
2efea8,2023-05,1,2023-05,True,False
2f282e,2021-05,0,2021-05,True,False
2f282e,2023-05,1,2023-05,True,False
2f28b1,2020-05,0,2020-05,False,False
2f28b1,2022-05,1,2022-05,False,False
30253b,2020-06,0,2020-06,True,False
30253b,2022-06,1,2022-06,True,False
30e8a1,2023-08,0,2023-08,True,False
30e8a1,2025-08,1,2025-08,True,False
3144e9,2024-01,0,2024-01,True,False
3144e9,2026-01,1,2026-01,False,False
315ab4,2022-03,0,2022-03,True,False
315ab4,2024-03,1,2024-03,True,False
31b745,2023-06,0,2023-06,True,False
31b745,2025-06,1,2025-06,True,False
324fef,2022-05,0,2022-05,True,False
324fef,2024-05,1,2024-05,True,False
3298c3,2017-11,0,2017-11,True,False
3298c3,2019-11,1,2019-11,True,False
32ca8b,2020-09,0,2020-09,True,False
32ca8b,2022-09,1,2022-09,True,False
3329fc,2014-12,0,2014-12,False,False
3329fc,2016-12,1,2016-12,True,False
333265,2019-03,0,2019-03,True,False
333265,2021-03,1,2021-03,True,False
334a21,2023-06,0,2023-06,True,False
334a21,2025-06,1,2025-06,True,False
3367e6,2022-10,0,2022-10,True,False
3367e6,2024-10,1,2024-10,True,False
3384e8,2020-01,0,2020-01,True,False
3384e8,2022-01,1,2022-01,True,False
339408,2018-09,0,2018-09,True,False
339408,2020-09,1,2020-09,True,False
3509f6,2024-05,0,2024-05,True,False
3509f6,2026-05,1,2026-05,False,False
35cab2,2017-04,0,2017-04,True,False
35cab2,2019-04,1,2019-04,True,False
35e6a1,2019-07,0,2019-07,False,False
35e6a1,2021-07,1,2021-07,False,False
3604ee,2020-08,0,2020-08,False,False
3604ee,2022-08,1,2022-08,False,False
360f3f,2023-04,0,2023-04,True,False
360f3f,2025-04,1,2025-04,True,False
3689c7,2022-11,0,2022-11,True,False
3689c7,2024-11,1,2024-11,True,False
36aa6d,2016-10,0,2016-10,False,False
36aa6d,2018-10,1,2018-10,True,False
37de8e,2023-02,0,2023-02,True,False
37de8e,2025-02,1,2025-02,True,False
386e49,2023-04,0,2023-04,True,False
386e49,2025-04,1,2025-04,True,False
38a63a,2022-03,0,2022-03,False,False
38a63a,2024-03,1,2024-03,True,False
394343,2019-03,0,2019-03,False,False
394343,2021-03,1,2021-03,True,False
3a2c8f,2023-06,0,2023-06,True,False
3a2c8f,2025-06,1,2025-06,True,False
3a3d9b,2020-03,0,2020-03,True,False
3a3d9b,2022-03,1,2022-03,True,False
3a6876,2024-02,0,2024-02,True,False
3a6876,2026-02,1,2026-02,False,False
3afab0,2022-05,0,2022-05,True,False
3afab0,2024-05,1,2024-05,True,False
3b25ff,2023-04,0,2023-04,True,False
3b25ff,2025-04,1,2025-04,True,False
3b394c,2021-10,0,2021-10,True,False
3b394c,2023-10,1,2023-10,True,False
3b75e8,2022-01,0,2022-01,True,False
3b75e8,2024-01,1,2024-01,True,False
3cdaec,2023-06,0,2023-06,True,False
3cdaec,2025-06,1,2025-06,True,False
3d13d5,2021-03,0,2021-03,True,False
3d13d5,2023-03,1,2023-03,True,False
3d22b6,2021-11,0,2021-11,False,False
3d22b6,2023-11,1,2023-11,True,False
3db2bf,2021-12,0,2021-12,True,False
3db2bf,2023-12,1,2023-12,True,False
3fceca,2023-05,0,2023-05,True,False
3fceca,2025-05,1,2025-05,True,False
402bb8,2020-07,0,2020-07,True,False
402bb8,2022-07,1,2022-07,True,False
402fc6,2020-03,0,2020-03,True,False
402fc6,2022-03,1,2022-03,True,False
403204,2023-07,0,2023-07,True,False
403204,2025-07,1,2025-07,True,False
406e1c,2024-02,0,2024-02,True,False
406e1c,2026-02,1,2026-02,False,False
41ef34,2024-04,0,2024-04,True,False
41ef34,2026-04,1,2026-04,False,False
427021,2023-06,0,2023-06,True,False
427021,2025-06,1,2025-06,True,False
428bf4,2024-03,0,2024-03,True,False
428bf4,2026-03,1,2026-03,False,False
42fb8e,2019-07,0,2019-07,True,False
42fb8e,2021-07,1,2021-07,True,False
43ff13,2022-10,0,2022-10,True,False
43ff13,2024-10,1,2024-10,True,False
44e11f,2022-06,0,2022-06,True,False
44e11f,2024-06,1,2024-06,True,False
4635b3,2021-05,0,2021-05,True,False
4635b3,2023-05,1,2023-05,True,False
464918,2023-02,0,2023-02,True,False
464918,2025-02,1,2025-02,False,False
468795,2022-12,0,2022-12,True,False
468795,2024-12,1,2024-12,True,False
46d6d7,2022-10,0,2022-10,True,False
46d6d7,2024-10,1,2024-10,True,False
471f4d,2020-04,0,2020-04,True,False
471f4d,2022-04,1,2022-04,True,False
4788c4,2023-03,0,2023-03,True,False
4788c4,2025-03,1,2025-03,True,False
478a74,2022-06,0,2022-06,True,False
478a74,2024-06,1,2024-06,True,False
47c099,2023-11,0,2023-11,True,False
47c099,2025-11,1,2025-11,False,False
47d09d,2020-06,0,2020-06,True,False
47d09d,2022-06,1,2022-06,True,False
48647e,2019-08,0,2019-08,True,False
48647e,2021-08,1,2021-08,True,False
48bfd8,2017-01,0,2017-01,True,False
48bfd8,2019-01,1,2019-01,True,False
49ab2f,2023-11,0,2023-11,False,False
49ab2f,2025-11,1,2025-11,False,False
49b10a,2020-01,0,2020-01,True,False
49b10a,2022-01,1,2022-01,True,False
4a0f59,2023-07,0,2023-07,True,False
4a0f59,2025-07,1,2025-07,True,False
4a7118,2021-12,0,2021-12,True,False
4a7118,2023-12,1,2023-12,True,False
4b1b0a,2023-03,0,2023-03,True,False
4b1b0a,2025-03,1,2025-03,True,False
4b3253,2017-05,0,2017-05,True,False
4b3253,2019-05,1,2019-05,True,False
4b387a,2020-11,0,2020-11,True,False
4b387a,2022-11,1,2022-11,True,False
4ba581,2021-08,0,2021-08,True,False
4ba581,2023-08,1,2023-08,True,False
4bd4b6,2023-04,0,2023-04,True,False
4bd4b6,2025-04,1,2025-04,True,False
4e401f,2021-04,0,2021-04,True,False
4e401f,2023-04,1,2023-04,True,False
4fb111,2024-04,0,2024-04,True,False
4fb111,2026-04,1,2026-04,False,False
4fe318,2023-08,0,2023-08,True,False
4fe318,2025-08,1,2025-08,True,False
5042cc,2021-09,0,2021-09,True,False
5042cc,2023-09,1,2023-09,True,False
505a7f,2018-10,0,2018-10,False,False
505a7f,2020-10,1,2020-10,False,False
511908,2024-01,0,2024-01,True,False
511908,2026-01,1,2026-01,False,False
51b0a1,2023-04,0,2023-04,True,False
51b0a1,2025-04,1,2025-04,True,False
523576,2019-10,0,2019-10,True,False
523576,2021-10,1,2021-10,True,False
524cec,2021-11,0,2021-11,True,False
524cec,2023-11,1,2023-11,True,False
529397,2022-02,0,2022-02,True,False
529397,2024-02,1,2024-02,True,False
52ab65,2024-02,0,2024-02,True,False
52ab65,2026-02,1,2026-02,False,False
52f310,2018-12,0,2018-12,True,False
52f310,2020-12,1,2020-12,True,False
53ac3e,2018-11,0,2018-11,True,False
53ac3e,2020-11,1,2020-11,True,False
53e727,2017-10,0,2017-10,True,False
53e727,2019-10,1,2019-10,True,False
53fa23,2024-01,0,2024-01,True,False
53fa23,2026-01,1,2026-01,True,False
540bd5,2022-04,0,2022-04,False,False
540bd5,2024-04,1,2024-04,False,False
543d48,2019-11,0,2019-11,True,False
543d48,2021-11,1,2021-11,True,False
54ca10,2019-05,0,2019-05,True,False
54ca10,2021-05,1,2021-05,True,False
552803,2019-12,0,2019-12,True,False
552803,2021-12,1,2021-12,True,False
553c0f,2019-12,0,2019-12,False,False
553c0f,2021-12,1,2021-12,False,False
562123,2021-01,0,2021-01,True,False
562123,2023-01,1,2023-01,True,False
564c90,2020-11,0,2020-11,True,False
564c90,2022-11,1,2022-11,True,False
565994,2019-03,0,2019-03,False,False
565994,2021-03,1,2021-03,False,False
565f25,2023-10,0,2023-10,True,False
565f25,2025-10,1,2025-10,False,False
568b4f,2020-01,0,2020-01,True,False
568b4f,2022-01,1,2022-01,True,False
56942f,2023-09,0,2023-09,True,False
56942f,2025-09,1,2025-09,True,False
569aba,2021-05,0,2021-05,True,False
569aba,2023-05,1,2023-05,True,False
56be25,2024-02,0,2024-02,True,False
56be25,2026-02,1,2026-02,False,False
57572b,2024-05,0,2024-05,True,False
57572b,2026-05,1,2026-05,False,False
57e70f,2022-10,0,2022-10,True,False
57e70f,2024-10,1,2024-10,True,False
58607a,2020-11,0,2020-11,True,False
58607a,2022-11,1,2022-11,True,False
5863fc,2019-10,0,2019-10,True,False
5863fc,2021-10,1,2021-10,True,False
5872ba,2020-04,0,2020-04,True,False
5872ba,2022-04,1,2022-04,True,False
5889de,2023-08,0,2023-08,True,False
5889de,2025-08,1,2025-08,True,False
588bd9,2022-10,0,2022-10,True,False
588bd9,2024-10,1,2024-10,True,False
58b70f,2023-02,0,2023-02,True,False
58b70f,2025-02,1,2025-02,True,False
58e831,2019-06,0,2019-06,True,False
58e831,2021-06,1,2021-06,True,False
59244b,2021-03,0,2021-03,False,False
59244b,2023-03,1,2023-03,False,False
5a3386,2022-03,0,2022-03,True,False
5a3386,2024-03,1,2024-03,True,False
5a5b01,2019-10,0,2019-10,True,False
5a5b01,2021-10,1,2021-10,True,False
5a7547,2024-03,0,2024-03,True,False
5a7547,2026-03,1,2026-03,False,False
5acf5c,2023-01,0,2023-01,True,False
5acf5c,2025-01,1,2025-01,True,False
5b6c97,2015-07,0,2015-07,False,False
5b6c97,2017-07,1,2017-07,False,False
5b9f5b,2023-11,0,2023-11,True,False
5b9f5b,2025-11,1,2025-11,False,False
5bbf12,2022-03,0,2022-03,True,False
5bbf12,2024-03,1,2024-03,True,False
5c104a,2023-10,0,2023-10,True,False
5c104a,2025-10,1,2025-10,False,False
5d4c4c,2019-02,0,2019-02,False,False
5d4c4c,2021-02,1,2021-02,False,False
5d9174,2017-03,0,2017-03,True,False
5d9174,2019-03,1,2019-03,True,False
5dc541,2022-07,0,2022-07,False,False
5dc541,2024-07,1,2024-07,True,False
5e2bd1,2019-03,0,2019-03,True,False
5e2bd1,2021-03,1,2021-03,True,False
5e62a0,2022-05,0,2022-05,True,False
5e62a0,2024-05,1,2024-05,True,False
5ea36b,2017-10,0,2017-10,False,False
5ea36b,2019-10,1,2019-10,False,False
5eaf08,2023-05,0,2023-05,True,False
5eaf08,2025-05,1,2025-05,True,False
5ed258,2022-10,0,2022-10,True,False
5ed258,2024-10,1,2024-10,True,False
5ef5b2,2019-12,0,2019-12,False,False
5ef5b2,2021-12,1,2021-12,False,False
5f492b,2019-12,0,2019-12,True,False
5f492b,2021-12,1,2021-12,True,False
5fe65d,2024-03,0,2024-03,True,False
5fe65d,2026-03,1,2026-03,False,False
5fee07,2019-11,0,2019-11,True,False
5fee07,2021-11,1,2021-11,True,False
602581,2024-03,0,2024-03,True,False
602581,2026-03,1,2026-03,False,False
60665b,2022-04,0,2022-04,True,False
60665b,2024-04,1,2024-04,True,False
6080c9,2023-05,0,2023-05,True,False
6080c9,2025-05,1,2025-05,True,False
60e96d,2023-11,0,2023-11,True,False
60e96d,2025-11,1,2025-11,False,False
60ef5c,2018-09,0,2018-09,True,False
60ef5c,2020-09,1,2020-09,True,False
614c8b,2020-06,0,2020-06,True,False
614c8b,2022-06,1,2022-06,True,False
6172bf,2019-06,0,2019-06,True,False
6172bf,2021-06,1,2021-06,True,False
619f29,2022-01,0,2022-01,True,False
619f29,2024-01,1,2024-01,True,False
61b64d,2020-11,0,2020-11,True,False
61b64d,2022-11,1,2022-11,True,False
61d91d,2021-01,0,2021-01,True,False
61d91d,2023-01,1,2023-01,True,False
6242f5,2023-09,0,2023-09,True,False
6242f5,2025-09,1,2025-09,True,False
62441f,2020-02,0,2020-02,True,False
62441f,2022-02,1,2022-02,True,False
6333d1,2024-04,0,2024-04,False,False
6333d1,2026-04,1,2026-04,False,False
637578,2018-03,0,2018-03,True,False
637578,2020-03,1,2020-03,True,False
6380b6,2020-06,0,2020-06,True,False
6380b6,2022-06,1,2022-06,True,False
639f3e,2020-12,0,2020-12,True,False
639f3e,2022-12,1,2022-12,True,False
63b9bf,2023-04,0,2023-04,True,False
63b9bf,2025-04,1,2025-04,True,False
63f2f2,2022-11,0,2022-11,True,False
63f2f2,2024-11,1,2024-11,True,False
6406b0,2018-04,0,2018-04,True,False
6406b0,2020-04,1,2020-04,True,False
64605e,2022-12,0,2022-12,True,False
64605e,2024-12,1,2024-12,True,False
649be8,2021-08,0,2021-08,True,False
649be8,2023-08,1,2023-08,True,False
64a71f,2024-03,0,2024-03,True,False
64a71f,2026-03,1,2026-03,False,False
64ace5,2019-05,0,2019-05,False,False
64ace5,2021-05,1,2021-05,False,False
655394,2021-01,0,2021-01,True,False
655394,2023-01,1,2023-01,True,False
655e38,2019-12,0,2019-12,True,False
655e38,2021-12,1,2021-12,True,False
657a2b,2018-06,0,2018-06,False,False
657a2b,2020-06,1,2020-06,False,False
65f7d4,2021-03,0,2021-03,True,False
65f7d4,2023-03,1,2023-03,True,False
661e37,2022-01,0,2022-01,True,False
661e37,2024-01,1,2024-01,True,False
662d46,2021-05,0,2021-05,True,False
662d46,2023-05,1,2023-05,True,False
66727d,2018-01,0,2018-01,False,False
66727d,2020-01,1,2020-01,True,False
668d0f,2016-04,0,2016-04,False,False
668d0f,2018-04,1,2018-04,True,False
66ba8f,2022-02,0,2022-02,False,False
66ba8f,2024-02,1,2024-02,True,False
66bc02,2021-03,0,2021-03,True,False
66bc02,2023-03,1,2023-03,True,False
66d112,2021-12,0,2021-12,True,False
66d112,2023-12,1,2023-12,True,False
675487,2023-02,0,2023-02,True,False
675487,2025-02,1,2025-02,True,False
68181f,2023-02,0,2023-02,True,False
68181f,2025-02,1,2025-02,True,False
6852d4,2021-05,0,2021-05,True,False
6852d4,2023-05,1,2023-05,True,False
68560c,2023-03,0,2023-03,True,False
68560c,2025-03,1,2025-03,True,False
686a52,2024-01,0,2024-01,True,False
686a52,2026-01,1,2026-01,False,False
68860b,2023-01,0,2023-01,True,False
68860b,2025-01,1,2025-01,True,False
68d4e4,2022-05,0,2022-05,False,False
68d4e4,2024-05,1,2024-05,False,False
691916,2018-12,0,2018-12,False,False
691916,2020-12,1,2020-12,False,False
691b4a,2021-10,0,2021-10,True,False
691b4a,2023-10,1,2023-10,True,False
696b08,2018-11,0,2018-11,False,False
696b08,2020-11,1,2020-11,True,False
6aa7af,2017-08,0,2017-08,False,False
6aa7af,2019-08,1,2019-08,False,False
6ab6d0,2022-06,0,2022-06,True,False
6ab6d0,2024-06,1,2024-06,True,False
6ab72e,2021-01,0,2021-01,True,False
6ab72e,2023-01,1,2023-01,True,False
6b230b,2021-02,0,2021-02,True,False
6b230b,2023-02,1,2023-02,True,False
6c732f,2020-12,0,2020-12,True,False
6c732f,2022-12,1,2022-12,True,False
6caa2f,2019-11,0,2019-11,True,False
6caa2f,2021-11,1,2021-11,True,False
6d31a3,2021-04,0,2021-04,True,False
6d31a3,2023-04,1,2023-04,True,False
6d9880,2021-01,0,2021-01,True,False
6d9880,2023-01,1,2023-01,True,False
6daa7c,2021-07,0,2021-07,True,False
6daa7c,2023-07,1,2023-07,True,False
6e036b,2020-07,0,2020-07,True,False
6e036b,2022-07,1,2022-07,True,False
6e191a,2024-04,0,2024-04,True,False
6e191a,2026-04,1,2026-04,False,False
6e309e,2022-08,0,2022-08,False,False
6e309e,2024-08,1,2024-08,False,False
6ee9a2,2022-10,0,2022-10,True,False
6ee9a2,2024-10,1,2024-10,True,False
6f3fad,2022-10,0,2022-10,False,False
6f3fad,2024-10,1,2024-10,False,False
6f8f09,2022-11,0,2022-11,True,False
6f8f09,2024-11,1,2024-11,True,False
6f9752,2019-02,0,2019-02,True,False
6f9752,2021-02,1,2021-02,True,False
6fa2ee,2020-01,0,2020-01,True,False
6fa2ee,2022-01,1,2022-01,True,False
6fccd5,2018-07,0,2018-07,True,False
6fccd5,2020-07,1,2020-07,True,False
707744,2021-03,0,2021-03,True,False
707744,2023-03,1,2023-03,True,False
707b15,2022-10,0,2022-10,True,False
707b15,2024-10,1,2024-10,True,False
70861f,2023-04,0,2023-04,True,False
70861f,2025-04,1,2025-04,True,False
70977e,2023-04,0,2023-04,True,False
70977e,2025-04,1,2025-04,True,False
71a424,2024-01,0,2024-01,True,False
71a424,2026-01,1,2026-01,False,False
71d73e,2023-05,0,2023-05,True,False
71d73e,2025-05,1,2025-05,False,False
7253db,2015-12,0,2015-12,False,False
7253db,2017-12,1,2017-12,True,False
729344,2023-01,0,2023-01,True,False
729344,2025-01,1,2025-01,True,False
7331dc,2022-09,0,2022-09,True,False
7331dc,2024-09,1,2024-09,True,False
7390db,2018-12,0,2018-12,True,False
7390db,2020-12,1,2020-12,True,False
7419df,2023-06,0,2023-06,True,False
7419df,2025-06,1,2025-06,True,False
743031,2020-11,0,2020-11,True,False
743031,2022-11,1,2022-11,True,False
744c24,2023-02,0,2023-02,True,False
744c24,2025-02,1,2025-02,True,False
747ab8,2023-10,0,2023-10,True,False
747ab8,2025-10,1,2025-10,False,False
7486cf,2022-12,0,2022-12,True,False
7486cf,2024-12,1,2024-12,True,False
749fd0,2016-10,0,2016-10,False,False
749fd0,2018-10,1,2018-10,True,False
75342b,2016-10,0,2016-10,False,False
75342b,2018-10,1,2018-10,True,False
754667,2022-05,0,2022-05,True,False
754667,2024-05,1,2024-05,True,False
758e87,2021-02,0,2021-02,True,False
758e87,2023-02,1,2023-02,True,False
759149,2020-01,0,2020-01,True,False
759149,2022-01,1,2022-01,True,False
75c4ac,2020-02,0,2020-02,True,False
75c4ac,2022-02,1,2022-02,True,False
75f2e5,2023-12,0,2023-12,True,False
75f2e5,2025-12,1,2025-12,False,False
76be3d,2022-06,0,2022-06,True,False
76be3d,2024-06,1,2024-06,True,False
77151b,2019-10,0,2019-10,True,False
77151b,2021-10,1,2021-10,True,False
774010,2022-01,0,2022-01,True,False
774010,2024-01,1,2024-01,True,False
77b3ce,2024-03,0,2024-03,True,False
77b3ce,2026-03,1,2026-03,False,False
77ee55,2020-12,0,2020-12,True,False
77ee55,2022-12,1,2022-12,True,False
780f16,2019-02,0,2019-02,True,False
780f16,2021-02,1,2021-02,True,False
7939dd,2022-01,0,2022-01,True,False
7939dd,2024-01,1,2024-01,True,False
79bfa6,2018-10,0,2018-10,True,False
79bfa6,2020-10,1,2020-10,True,False
7a34e0,2023-02,0,2023-02,True,False
7a34e0,2025-02,1,2025-02,True,False
7a39fc,2019-11,0,2019-11,True,False
7a39fc,2021-11,1,2021-11,True,False
7a627f,2021-09,0,2021-09,True,False
7a627f,2023-09,1,2023-09,True,False
7aa833,2023-04,0,2023-04,True,False
7aa833,2025-04,1,2025-04,True,False
7b0769,2021-09,0,2021-09,True,False
7b0769,2023-09,1,2023-09,True,False
7b3a56,2018-09,0,2018-09,True,False
7b3a56,2020-09,1,2020-09,True,False
7b5150,2022-11,0,2022-11,True,False
7b5150,2024-11,1,2024-11,True,False
7befa2,2021-03,0,2021-03,True,False
7befa2,2023-03,1,2023-03,True,False
7c2a6f,2019-11,0,2019-11,True,False
7c2a6f,2021-11,1,2021-11,True,False
7c3960,2021-10,0,2021-10,True,False
7c3960,2023-10,1,2023-10,True,False
7c4455,2022-03,0,2022-03,True,False
7c4455,2024-03,1,2024-03,True,False
7c74e5,2022-11,0,2022-11,True,False
7c74e5,2024-11,1,2024-11,True,False
7c9771,2019-09,0,2019-09,True,False
7c9771,2021-09,1,2021-09,True,False
7cb758,2023-02,0,2023-02,True,False
7cb758,2025-02,1,2025-02,True,False
7d8018,2022-09,0,2022-09,False,False
7d8018,2024-09,1,2024-09,False,False
7d8956,2020-01,0,2020-01,True,False
7d8956,2022-01,1,2022-01,True,False
7da0d6,2022-11,0,2022-11,True,False
7da0d6,2024-11,1,2024-11,True,False
7deec3,2023-09,0,2023-09,True,False
7deec3,2025-09,1,2025-09,False,False
7e0040,2021-02,0,2021-02,True,False
7e0040,2023-02,1,2023-02,True,False
7e486e,2020-01,0,2020-01,True,False
7e486e,2022-01,1,2022-01,True,False
7fc77d,2021-10,0,2021-10,True,False
7fc77d,2023-10,1,2023-10,True,False
7fdde3,2020-06,0,2020-06,True,False
7fdde3,2022-06,1,2022-06,True,False
80a7f3,2022-03,0,2022-03,True,False
80a7f3,2024-03,1,2024-03,True,False
8129ec,2021-03,0,2021-03,True,False
8129ec,2023-03,1,2023-03,True,False
815678,2021-09,0,2021-09,True,False
815678,2023-09,1,2023-09,True,False
81852c,2022-06,0,2022-06,True,False
81852c,2024-06,1,2024-06,True,False
818836,2021-12,0,2021-12,True,False
818836,2023-12,1,2023-12,True,False
81f992,2023-12,0,2023-12,True,False
81f992,2025-12,1,2025-12,True,False
821d06,2023-05,0,2023-05,True,False
821d06,2025-05,1,2025-05,True,False
82c60b,2022-05,0,2022-05,True,False
82c60b,2024-05,1,2024-05,True,False
82c6bc,2022-01,0,2022-01,True,False
82c6bc,2024-01,1,2024-01,True,False
82d58e,2022-12,0,2022-12,True,False
82d58e,2024-12,1,2024-12,True,False
83d8b0,2022-08,0,2022-08,True,False
83d8b0,2024-08,1,2024-08,True,False
846c00,2019-12,0,2019-12,False,False
846c00,2021-12,1,2021-12,False,False
8516ed,2023-07,0,2023-07,True,False
8516ed,2025-07,1,2025-07,True,False
854d82,2016-10,0,2016-10,False,False
854d82,2018-10,1,2018-10,True,False
857362,2021-10,0,2021-10,False,False
857362,2023-10,1,2023-10,True,False
859586,2017-11,0,2017-11,False,False
859586,2019-11,1,2019-11,True,False
85df82,2019-02,0,2019-02,False,False
85df82,2021-02,1,2021-02,False,False
85f0b2,2023-10,0,2023-10,True,False
85f0b2,2025-10,1,2025-10,False,False
860939,2022-11,0,2022-11,True,False
860939,2024-11,1,2024-11,True,False
861720,2022-02,0,2022-02,True,False
861720,2024-02,1,2024-02,True,False
86c238,2024-05,0,2024-05,True,False
86c238,2026-05,1,2026-05,False,False
86e116,2020-03,0,2020-03,True,False
86e116,2022-03,1,2022-03,True,False
870048,2018-10,0,2018-10,True,False
870048,2020-10,1,2020-10,True,False
87f284,2016-05,0,2016-05,True,False
87f284,2018-05,1,2018-05,True,False
880359,2022-12,0,2022-12,True,False
880359,2024-12,1,2024-12,True,False
88b7c2,2022-12,0,2022-12,False,False
88b7c2,2024-12,1,2024-12,False,False
88d041,2023-07,0,2023-07,True,False
88d041,2025-07,1,2025-07,True,False
89f25a,2019-05,0,2019-05,False,False
89f25a,2021-05,1,2021-05,False,False
89f501,2020-08,0,2020-08,True,False
89f501,2022-08,1,2022-08,True,False
8a96d9,2023-04,0,2023-04,True,False
8a96d9,2025-04,1,2025-04,True,False
8ab246,2023-01,0,2023-01,True,False
8ab246,2025-01,1,2025-01,True,False
8ab8e5,2020-08,0,2020-08,True,False
8ab8e5,2022-08,1,2022-08,True,False
8ad4c9,2022-11,0,2022-11,True,False
8ad4c9,2024-11,1,2024-11,True,False
8ae29c,2018-11,0,2018-11,True,False
8ae29c,2020-11,1,2020-11,True,False
8b15df,2020-11,0,2020-11,True,False
8b15df,2022-11,1,2022-11,True,False
8be3a7,2023-10,0,2023-10,True,False
8be3a7,2025-10,1,2025-10,False,False
8c3c39,2020-03,0,2020-03,True,False
8c3c39,2022-03,1,2022-03,True,False
8c895b,2022-04,0,2022-04,True,False
8c895b,2024-04,1,2024-04,True,False
8cc0b2,2023-03,0,2023-03,False,False
8cc0b2,2025-03,1,2025-03,False,False
8cefb2,2023-08,0,2023-08,True,False
8cefb2,2025-08,1,2025-08,True,False
8d1187,2023-07,0,2023-07,True,False
8d1187,2025-07,1,2025-07,True,False
8d4752,2021-01,0,2021-01,True,False
8d4752,2023-01,1,2023-01,True,False
8dcf29,2021-10,0,2021-10,True,False
8dcf29,2023-10,1,2023-10,True,False
8dd2e5,2018-08,0,2018-08,True,False
8dd2e5,2020-08,1,2020-08,True,False
8e870b,2023-01,0,2023-01,True,False
8e870b,2025-01,1,2025-01,True,False
8f3ffc,2023-11,0,2023-11,True,False
8f3ffc,2025-11,1,2025-11,False,False
8f4f45,2024-02,0,2024-02,True,False
8f4f45,2026-02,1,2026-02,False,False
8f5198,2022-12,0,2022-12,True,False
8f5198,2024-12,1,2024-12,True,False
902337,2021-02,0,2021-02,True,False
902337,2023-02,1,2023-02,True,False
903045,2019-04,0,2019-04,True,False
903045,2021-04,1,2021-04,True,False
90a3fe,2020-02,0,2020-02,True,False
90a3fe,2022-02,1,2022-02,True,False
910999,2022-11,0,2022-11,True,False
910999,2024-11,1,2024-11,True,False
912fa4,2018-06,0,2018-06,True,False
912fa4,2020-06,1,2020-06,True,False
91476e,2019-05,0,2019-05,False,False
91476e,2021-05,1,2021-05,True,False
91a3a1,2017-04,0,2017-04,False,False
91a3a1,2019-04,1,2019-04,True,False
920089,2023-02,0,2023-02,True,False
920089,2025-02,1,2025-02,True,False
92926e,2020-05,0,2020-05,True,False
92926e,2022-05,1,2022-05,True,False
92c274,2020-09,0,2020-09,True,False
92c274,2022-09,1,2022-09,True,False
943dc0,2023-02,0,2023-02,True,False
943dc0,2025-02,1,2025-02,True,False
9500b7,2021-12,0,2021-12,True,False
9500b7,2023-12,1,2023-12,True,False
952a92,2019-11,0,2019-11,True,False
952a92,2021-11,1,2021-11,True,False
9569de,2023-06,0,2023-06,True,False
9569de,2025-06,1,2025-06,True,False
95a1b3,2023-09,0,2023-09,True,False
95a1b3,2025-09,1,2025-09,False,False
95edfa,2017-01,0,2017-01,True,False
95edfa,2019-01,1,2019-01,True,False
966e69,2021-02,0,2021-02,True,False
966e69,2023-02,1,2023-02,True,False
9702a5,2023-08,0,2023-08,True,False
9702a5,2025-08,1,2025-08,True,False
9798c9,2020-10,0,2020-10,True,False
9798c9,2022-10,1,2022-10,True,False
97ba75,2022-06,0,2022-06,True,False
97ba75,2024-06,1,2024-06,True,False
982dc3,2020-12,0,2020-12,False,False
982dc3,2022-12,1,2022-12,False,False
984415,2018-02,0,2018-02,False,False
984415,2020-02,1,2020-02,False,False
98614d,2022-02,0,2022-02,True,False
98614d,2024-02,1,2024-02,True,False
989f30,2021-05,0,2021-05,True,False
989f30,2023-05,1,2023-05,True,False
98d94c,2021-01,0,2021-01,True,False
98d94c,2023-01,1,2023-01,True,False
98e093,2024-03,0,2024-03,False,False
98e093,2026-03,1,2026-03,False,False
992f1f,2023-07,0,2023-07,True,False
992f1f,2025-07,1,2025-07,True,False
99665c,2021-11,0,2021-11,True,False
99665c,2023-11,1,2023-11,True,False
998afe,2024-03,0,2024-03,True,False
998afe,2026-03,1,2026-03,False,False
99c70f,2024-04,0,2024-04,True,False
99c70f,2026-04,1,2026-04,False,False
99e6b4,2021-05,0,2021-05,True,False
99e6b4,2023-05,1,2023-05,True,False
9a0b74,2019-12,0,2019-12,True,False
9a0b74,2021-12,1,2021-12,True,False
9a2b69,2020-03,0,2020-03,True,False
9a2b69,2022-03,1,2022-03,True,False
9a43bb,2024-03,0,2024-03,True,False
9a43bb,2026-03,1,2026-03,False,False
9adadf,2022-01,0,2022-01,True,False
9adadf,2024-01,1,2024-01,True,False
9ba0ac,2020-07,0,2020-07,False,False
9ba0ac,2022-07,1,2022-07,False,False
9bb7bc,2022-08,0,2022-08,True,False
9bb7bc,2024-08,1,2024-08,True,False
9bde3c,2020-04,0,2020-04,True,False
9bde3c,2022-04,1,2022-04,True,False
9c4bd5,2023-11,0,2023-11,True,False
9c4bd5,2025-11,1,2025-11,True,False
9c66bc,2020-01,0,2020-01,True,False
9c66bc,2022-01,1,2022-01,True,False
9cd0b5,2022-08,0,2022-08,True,False
9cd0b5,2024-08,1,2024-08,True,False
9d4a45,2021-07,0,2021-07,True,False
9d4a45,2023-07,1,2023-07,True,False
9d4e45,2023-08,0,2023-08,True,False
9d4e45,2025-08,1,2025-08,True,False
9db923,2021-05,0,2021-05,True,False
9db923,2023-05,1,2023-05,True,False
9e933c,2023-09,0,2023-09,False,False
9e933c,2025-09,1,2025-09,True,False
9e9ce7,2022-04,0,2022-04,False,False
9e9ce7,2024-04,1,2024-04,True,False
9ea307,2023-01,0,2023-01,True,False
9ea307,2025-01,1,2025-01,True,False
9f5094,2018-09,0,2018-09,True,False
9f5094,2020-09,1,2020-09,True,False
9f6913,2022-10,0,2022-10,True,False
9f6913,2024-10,1,2024-10,True,False
a01d2e,2020-01,0,2020-01,True,False
a01d2e,2022-01,1,2022-01,True,False
a0abfd,2023-09,0,2023-09,True,False
a0abfd,2025-09,1,2025-09,False,False
a0bd9f,2022-01,0,2022-01,True,False
a0bd9f,2024-01,1,2024-01,True,False
a1deef,2020-11,0,2020-11,False,False
a1deef,2022-11,1,2022-11,False,False
a1f56a,2020-02,0,2020-02,True,False
a1f56a,2022-02,1,2022-02,True,False
a2ce62,2022-12,0,2022-12,True,False
a2ce62,2024-12,1,2024-12,True,False
a32daf,2024-05,0,2024-05,True,False
a32daf,2026-05,1,2026-05,False,False
a33bc6,2023-05,0,2023-05,True,False
a33bc6,2025-05,1,2025-05,True,False
a37b5d,2023-12,0,2023-12,True,False
a37b5d,2025-12,1,2025-12,False,False
a380c5,2024-02,0,2024-02,True,False
a380c5,2026-02,1,2026-02,False,False
a38c97,2022-10,0,2022-10,True,False
a38c97,2024-10,1,2024-10,True,False
a3ab2a,2023-06,0,2023-06,True,False
a3ab2a,2025-06,1,2025-06,True,False
a414b2,2020-06,0,2020-06,True,False
a414b2,2022-06,1,2022-06,True,False
a41bec,2019-04,0,2019-04,False,False
a41bec,2021-04,1,2021-04,True,False
a4a47e,2019-11,0,2019-11,True,False
a4a47e,2021-11,1,2021-11,True,False
a4f260,2023-05,0,2023-05,False,False
a4f260,2025-05,1,2025-05,True,False
a535d3,2020-06,0,2020-06,True,False
a535d3,2022-06,1,2022-06,True,False
a558fd,2022-03,0,2022-03,True,False
a558fd,2024-03,1,2024-03,True,False
a57a48,2023-04,0,2023-04,True,False
a57a48,2025-04,1,2025-04,True,False
a5a56d,2023-09,0,2023-09,True,False
a5a56d,2025-09,1,2025-09,True,False
a5ba39,2019-03,0,2019-03,True,False
a5ba39,2021-03,1,2021-03,True,False
a62f1e,2023-03,0,2023-03,True,False
a62f1e,2025-03,1,2025-03,True,False
a6383a,2019-03,0,2019-03,True,False
a6383a,2021-03,1,2021-03,True,False
a71410,2019-04,0,2019-04,True,False
a71410,2021-04,1,2021-04,True,False
a78bff,2021-06,0,2021-06,True,False
a78bff,2023-06,1,2023-06,True,False
a7b964,2020-09,0,2020-09,True,False
a7b964,2022-09,1,2022-09,True,False
a7dca6,2020-11,0,2020-11,True,False
a7dca6,2022-11,1,2022-11,True,False
a7fe2c,2019-11,0,2019-11,True,False
a7fe2c,2021-11,1,2021-11,True,False
a833d3,2021-01,0,2021-01,True,False
a833d3,2023-01,1,2023-01,True,False
a88a14,2021-12,0,2021-12,True,False
a88a14,2023-12,1,2023-12,True,False
a891cb,2019-11,0,2019-11,False,False
a891cb,2021-11,1,2021-11,False,False
a8e3b5,2022-01,0,2022-01,False,False
a8e3b5,2024-01,1,2024-01,True,False
a96386,2023-11,0,2023-11,True,False
a96386,2025-11,1,2025-11,False,False
aa005c,2022-11,0,2022-11,True,False
aa005c,2024-11,1,2024-11,True,False
aa31c0,2022-01,0,2022-01,True,False
aa31c0,2024-01,1,2024-01,True,False
aacd4a,2022-03,0,2022-03,True,False
aacd4a,2024-03,1,2024-03,True,False
ab49c0,2017-05,0,2017-05,True,False
ab49c0,2019-05,1,2019-05,True,False
ab83ce,2023-07,0,2023-07,True,False
ab83ce,2025-07,1,2025-07,True,False
ab92d7,2022-10,0,2022-10,True,False
ab92d7,2024-10,1,2024-10,True,False
ab9e6c,2021-09,0,2021-09,True,False
ab9e6c,2023-09,1,2023-09,True,False
abb4ac,2019-09,0,2019-09,True,False
abb4ac,2021-09,1,2021-09,True,False
ac1a25,2022-12,0,2022-12,True,False
ac1a25,2024-12,1,2024-12,True,False
ac4df8,2022-07,0,2022-07,True,False
ac4df8,2024-07,1,2024-07,True,False
ad3bc7,2022-11,0,2022-11,True,False
ad3bc7,2024-11,1,2024-11,True,False
add6be,2023-11,0,2023-11,True,False
add6be,2025-11,1,2025-11,False,False
addac1,2019-03,0,2019-03,True,False
addac1,2021-03,1,2021-03,True,False
ae486d,2022-04,0,2022-04,False,False
ae486d,2024-04,1,2024-04,True,False
ae496f,2023-06,0,2023-06,True,False
ae496f,2025-06,1,2025-06,True,False
ae7d89,2015-06,0,2015-06,False,False
ae7d89,2017-06,1,2017-06,True,False
aeb367,2023-01,0,2023-01,True,False
aeb367,2025-01,1,2025-01,True,False
aee322,2022-02,0,2022-02,True,False
aee322,2024-02,1,2024-02,True,False
af0c6c,2021-06,0,2021-06,True,False
af0c6c,2023-06,1,2023-06,True,False
af1773,2020-08,0,2020-08,True,False
af1773,2022-08,1,2022-08,True,False
af4d0a,2018-02,0,2018-02,True,False
af4d0a,2020-02,1,2020-02,True,False
af4ff2,2023-03,0,2023-03,True,False
af4ff2,2025-03,1,2025-03,True,False
b056a3,2016-06,0,2016-06,True,False
b056a3,2018-06,1,2018-06,True,False
b05aa6,2023-05,0,2023-05,True,False
b05aa6,2025-05,1,2025-05,True,False
b12ea9,2019-07,0,2019-07,True,False
b12ea9,2021-07,1,2021-07,True,False
b19520,2023-03,0,2023-03,True,False
b19520,2025-03,1,2025-03,True,False
b1a782,2022-05,0,2022-05,True,False
b1a782,2024-05,1,2024-05,True,False
b1c35e,2022-10,0,2022-10,False,False
b1c35e,2024-10,1,2024-10,False,False
b1e355,2019-02,0,2019-02,True,False
b1e355,2021-02,1,2021-02,True,False
b1e777,2023-09,0,2023-09,True,False
b1e777,2025-09,1,2025-09,True,False
b20e14,2024-02,0,2024-02,True,False
b20e14,2026-02,1,2026-02,False,False
b22735,2024-02,0,2024-02,True,False
b22735,2026-02,1,2026-02,False,False
b29d94,2021-09,0,2021-09,True,False
b29d94,2023-09,1,2023-09,True,False
b30953,2023-02,0,2023-02,True,False
b30953,2025-02,1,2025-02,True,False
b3b6dc,2019-03,0,2019-03,True,False
b3b6dc,2021-03,1,2021-03,False,False
b3c07d,2023-04,0,2023-04,False,False
b3c07d,2025-04,1,2025-04,False,False
b3d162,2017-11,0,2017-11,True,False
b3d162,2019-11,1,2019-11,True,False
b3e951,2019-11,0,2019-11,True,False
b3e951,2021-11,1,2021-11,True,False
b4cdcb,2022-09,0,2022-09,True,False
b4cdcb,2024-09,1,2024-09,True,False
b4d026,2021-05,0,2021-05,True,False
b4d026,2023-05,1,2023-05,True,False
b6238b,2024-03,0,2024-03,True,False
b6238b,2026-03,1,2026-03,False,False
b7299a,2023-05,0,2023-05,True,False
b7299a,2025-05,1,2025-05,True,False
b7b6b0,2020-01,0,2020-01,True,False
b7b6b0,2022-01,1,2022-01,True,False
b8be68,2019-10,0,2019-10,True,False
b8be68,2021-10,1,2021-10,True,False
b8cf50,2021-02,0,2021-02,True,False
b8cf50,2023-02,1,2023-02,True,False
b8e83a,2020-11,0,2020-11,True,False
b8e83a,2022-11,1,2022-11,True,False
b8edf3,2022-04,0,2022-04,True,False
b8edf3,2024-04,1,2024-04,True,False
b958cf,2022-10,0,2022-10,True,False
b958cf,2024-10,1,2024-10,True,False
b97378,2020-03,0,2020-03,True,False
b97378,2022-03,1,2022-03,True,False
b9a42b,2024-05,0,2024-05,True,False
b9a42b,2026-05,1,2026-05,False,False
ba118b,2022-04,0,2022-04,True,False
ba118b,2024-04,1,2024-04,True,False
baace9,2020-03,0,2020-03,True,False
baace9,2022-03,1,2022-03,True,False
bab0b7,2019-11,0,2019-11,True,False
bab0b7,2021-11,1,2021-11,True,False
bb1802,2023-03,0,2023-03,True,False
bb1802,2025-03,1,2025-03,True,False
bb8c69,2023-12,0,2023-12,True,False
bb8c69,2025-12,1,2025-12,False,False
bbbbe6,2021-05,0,2021-05,True,False
bbbbe6,2023-05,1,2023-05,True,False
bbca42,2023-05,0,2023-05,True,False
bbca42,2025-05,1,2025-05,True,False
bbfea9,2024-05,0,2024-05,True,False
bbfea9,2026-05,1,2026-05,False,False
bc05ec,2023-03,0,2023-03,True,False
bc05ec,2025-03,1,2025-03,True,False
bcc1a0,2020-05,0,2020-05,True,False
bcc1a0,2022-05,1,2022-05,True,False
bd1872,2018-02,0,2018-02,False,False
bd1872,2020-02,1,2020-02,True,False
bd5727,2019-02,0,2019-02,True,False
bd5727,2021-02,1,2021-02,True,False
be4a91,2021-02,0,2021-02,True,False
be4a91,2023-02,1,2023-02,True,False
be53d6,2019-12,0,2019-12,True,False
be53d6,2021-12,1,2021-12,True,False
be7e9a,2021-12,0,2021-12,True,False
be7e9a,2023-12,1,2023-12,True,False
be8407,2023-10,0,2023-10,True,False
be8407,2025-10,1,2025-10,False,False
bed435,2016-06,0,2016-06,True,False
bed435,2018-06,1,2018-06,True,False
bef93d,2022-10,0,2022-10,True,False
bef93d,2024-10,1,2024-10,True,False
bf2f01,2023-12,0,2023-12,True,False
bf2f01,2025-12,1,2025-12,False,False
bf86a5,2023-04,0,2023-04,True,False
bf86a5,2025-04,1,2025-04,True,False
bfbca1,2023-03,0,2023-03,True,False
bfbca1,2025-03,1,2025-03,True,False
bff67c,2022-09,0,2022-09,True,False
bff67c,2024-09,1,2024-09,True,False
c02800,2023-07,0,2023-07,True,False
c02800,2025-07,1,2025-07,True,False
c0b941,2024-02,0,2024-02,False,False
c0b941,2026-02,1,2026-02,False,False
c0d103,2023-02,0,2023-02,False,False
c0d103,2025-02,1,2025-02,False,False
c118ba,2019-10,0,2019-10,True,False
c118ba,2021-10,1,2021-10,True,False
c18b77,2022-10,0,2022-10,True,False
c18b77,2024-10,1,2024-10,True,False
c1b5d1,2023-04,0,2023-04,True,False
c1b5d1,2025-04,1,2025-04,True,False
c21125,2021-12,0,2021-12,True,False
c21125,2023-12,1,2023-12,True,False
c28873,2016-01,0,2016-01,False,False
c28873,2018-01,1,2018-01,True,False
c2fff1,2019-11,0,2019-11,True,False
c2fff1,2021-11,1,2021-11,True,False
c3b70f,2021-02,0,2021-02,True,False
c3b70f,2023-02,1,2023-02,True,False
c4dcc0,2022-10,0,2022-10,True,False
c4dcc0,2024-10,1,2024-10,True,False
c5058d,2021-03,0,2021-03,True,False
c5058d,2023-03,1,2023-03,True,False
c530d7,2021-07,0,2021-07,False,False
c530d7,2023-07,1,2023-07,False,False
c6c39a,2019-03,0,2019-03,True,False
c6c39a,2021-03,1,2021-03,True,False
c77fe7,2023-03,0,2023-03,True,False
c77fe7,2025-03,1,2025-03,True,False
c78377,2020-10,0,2020-10,True,False
c78377,2022-10,1,2022-10,True,False
c783e0,2023-05,0,2023-05,True,False
c783e0,2025-05,1,2025-05,True,False
c854c7,2023-05,0,2023-05,True,False
c854c7,2025-05,1,2025-05,True,False
c88e31,2022-02,0,2022-02,False,False
c88e31,2024-02,1,2024-02,True,False
c8fba6,2019-05,0,2019-05,False,False
c8fba6,2021-05,1,2021-05,True,False
c91034,2024-04,0,2024-04,True,False
c91034,2026-04,1,2026-04,False,False
c97277,2022-12,0,2022-12,True,False
c97277,2024-12,1,2024-12,True,False
c9b460,2021-12,0,2021-12,True,False
c9b460,2023-12,1,2023-12,True,False
c9d5d4,2019-06,0,2019-06,True,False
c9d5d4,2021-06,1,2021-06,True,False
c9f626,2023-02,0,2023-02,True,False
c9f626,2025-02,1,2025-02,True,False
ca2872,2021-11,0,2021-11,True,False
ca2872,2023-11,1,2023-11,True,False
ca8a33,2022-12,0,2022-12,True,False
ca8a33,2024-12,1,2024-12,True,False
cb4045,2016-11,0,2016-11,True,False
cb4045,2018-11,1,2018-11,True,False
cb404c,2017-10,0,2017-10,True,False
cb404c,2019-10,1,2019-10,True,False
cbd695,2020-06,0,2020-06,True,False
cbd695,2022-06,1,2022-06,True,False
cc2b7d,2022-12,0,2022-12,True,False
cc2b7d,2024-12,1,2024-12,True,False
ccadbe,2021-11,0,2021-11,True,False
ccadbe,2023-11,1,2023-11,True,False
ccf053,2023-03,0,2023-03,False,False
ccf053,2025-03,1,2025-03,True,False
cd5237,2021-03,0,2021-03,True,False
cd5237,2023-03,1,2023-03,True,False
cd57cd,2022-03,0,2022-03,True,False
cd57cd,2024-03,1,2024-03,True,False
cdb1bf,2024-02,0,2024-02,False,False
cdb1bf,2026-02,1,2026-02,False,False
cdee45,2020-08,0,2020-08,False,False
cdee45,2022-08,1,2022-08,False,False
ce2dab,2019-11,0,2019-11,True,False
ce2dab,2021-11,1,2021-11,True,False
ce7861,2022-02,0,2022-02,True,False
ce7861,2024-02,1,2024-02,True,False
cead5b,2023-01,0,2023-01,True,False
cead5b,2025-01,1,2025-01,True,False
ceb0c8,2024-05,0,2024-05,True,False
ceb0c8,2026-05,1,2026-05,False,False
ceb905,2024-02,0,2024-02,True,False
ceb905,2026-02,1,2026-02,False,False
cf16f5,2021-11,0,2021-11,True,False
cf16f5,2023-11,1,2023-11,True,False
cf72e7,2020-11,0,2020-11,True,False
cf72e7,2022-11,1,2022-11,True,False
cfa8ab,2020-12,0,2020-12,True,False
cfa8ab,2022-12,1,2022-12,True,False
cfba7f,2022-09,0,2022-09,False,False
cfba7f,2024-09,1,2024-09,False,False
cfda0b,2023-06,0,2023-06,True,False
cfda0b,2025-06,1,2025-06,True,False
cff739,2020-02,0,2020-02,True,False
cff739,2022-02,1,2022-02,True,False
d0008d,2023-02,0,2023-02,True,False
d0008d,2025-02,1,2025-02,True,False
d01445,2021-11,0,2021-11,True,False
d01445,2023-11,1,2023-11,True,False
d09915,2021-09,0,2021-09,True,False
d09915,2023-09,1,2023-09,True,False
d16a95,2022-02,0,2022-02,True,False
d16a95,2024-02,1,2024-02,True,False
d1ad0f,2024-01,0,2024-01,True,False
d1ad0f,2026-01,1,2026-01,False,False
d2324e,2016-01,0,2016-01,False,False
d2324e,2018-01,1,2018-01,True,False
d2616e,2023-02,0,2023-02,True,False
d2616e,2025-02,1,2025-02,True,False
d2fe0c,2023-06,0,2023-06,True,False
d2fe0c,2025-06,1,2025-06,False,False
d30b32,2022-11,0,2022-11,True,False
d30b32,2024-11,1,2024-11,True,False
d3176c,2020-08,0,2020-08,True,False
d3176c,2022-08,1,2022-08,True,False
d34bbc,2017-05,0,2017-05,True,False
d34bbc,2019-05,1,2019-05,True,False
d36ff9,2019-10,0,2019-10,True,False
d36ff9,2021-10,1,2021-10,True,False
d390a2,2022-03,0,2022-03,True,False
d390a2,2024-03,1,2024-03,True,False
d3a837,2023-04,0,2023-04,True,False
d3a837,2025-04,1,2025-04,True,False
d3b90d,2020-09,0,2020-09,True,False
d3b90d,2022-09,1,2022-09,True,False
d3dbc6,2022-09,0,2022-09,True,False
d3dbc6,2024-09,1,2024-09,True,False
d3e23d,2022-06,0,2022-06,True,False
d3e23d,2024-06,1,2024-06,True,False
d41093,2024-04,0,2024-04,True,False
d41093,2026-04,1,2026-04,False,False
d43cb8,2023-08,0,2023-08,True,False
d43cb8,2025-08,1,2025-08,True,False
d48b35,2015-08,0,2015-08,False,False
d48b35,2017-08,1,2017-08,True,False
d49bfb,2022-01,0,2022-01,True,False
d49bfb,2024-01,1,2024-01,True,False
d4ccfa,2020-07,0,2020-07,True,False
d4ccfa,2022-07,1,2022-07,True,False
d4d142,2018-12,0,2018-12,True,False
d4d142,2020-12,1,2020-12,True,False
d51841,2022-12,0,2022-12,True,False
d51841,2024-12,1,2024-12,True,False
d6765d,2021-11,0,2021-11,True,False
d6765d,2023-11,1,2023-11,True,False
d6880f,2018-12,0,2018-12,True,False
d6880f,2020-12,1,2020-12,True,False
d6d769,2023-02,0,2023-02,False,False
d6d769,2025-02,1,2025-02,True,False
d6f7e7,2021-04,0,2021-04,True,False
d6f7e7,2023-04,1,2023-04,True,False
d76df6,2024-04,0,2024-04,True,False
d76df6,2026-04,1,2026-04,False,False
d8b2c2,2021-04,0,2021-04,False,False
d8b2c2,2023-04,1,2023-04,True,False
d91e6b,2022-11,0,2022-11,True,False
d91e6b,2024-11,1,2024-11,True,False
d92c60,2021-01,0,2021-01,True,False
d92c60,2023-01,1,2023-01,True,False
d973e4,2021-03,0,2021-03,True,False
d973e4,2023-03,1,2023-03,True,False
d9ffdc,2023-02,0,2023-02,True,False
d9ffdc,2025-02,1,2025-02,True,False
da2f7a,2021-04,0,2021-04,True,False
da2f7a,2023-04,1,2023-04,True,False
dadb09,2019-06,0,2019-06,False,False
dadb09,2021-06,1,2021-06,True,False
db86d3,2021-10,0,2021-10,True,False
db86d3,2023-10,1,2023-10,True,False
db86f9,2022-07,0,2022-07,False,False
db86f9,2024-07,1,2024-07,False,False
db94b5,2016-03,0,2016-03,False,False
db94b5,2018-03,1,2018-03,True,False
db9cfb,2019-09,0,2019-09,False,False
db9cfb,2021-09,1,2021-09,False,False
dbabf9,2020-11,0,2020-11,True,False
dbabf9,2022-11,1,2022-11,True,False
dbe301,2022-10,0,2022-10,True,False
dbe301,2024-10,1,2024-10,True,False
dc787a,2019-06,0,2019-06,True,False
dc787a,2021-06,1,2021-06,True,False
dc91cc,2023-12,0,2023-12,True,False
dc91cc,2025-12,1,2025-12,False,False
ddab14,2023-04,0,2023-04,True,False
ddab14,2025-04,1,2025-04,True,False
ddbf53,2020-10,0,2020-10,True,False
ddbf53,2022-10,1,2022-10,True,False
de9892,2019-03,0,2019-03,True,False
de9892,2021-03,1,2021-03,True,False
defe07,2020-11,0,2020-11,True,False
defe07,2022-11,1,2022-11,True,False
df1539,2022-10,0,2022-10,True,False
df1539,2024-10,1,2024-10,True,False
e0b473,2021-02,0,2021-02,True,False
e0b473,2023-02,1,2023-02,True,False
e0d838,2021-05,0,2021-05,True,False
e0d838,2023-05,1,2023-05,True,False
e110d2,2021-02,0,2021-02,True,False
e110d2,2023-02,1,2023-02,True,False
e15eb1,2019-02,0,2019-02,True,False
e15eb1,2021-02,1,2021-02,True,False
e16aaa,2020-09,0,2020-09,True,False
e16aaa,2022-09,1,2022-09,True,False
e2119d,2021-02,0,2021-02,True,False
e2119d,2023-02,1,2023-02,True,False
e2588a,2022-06,0,2022-06,False,False
e2588a,2024-06,1,2024-06,True,False
e25df7,2019-11,0,2019-11,True,False
e25df7,2021-11,1,2021-11,True,False
e2ce24,2020-01,0,2020-01,True,False
e2ce24,2022-01,1,2022-01,True,False
e2d345,2022-12,0,2022-12,True,False
e2d345,2024-12,1,2024-12,True,False
e30de2,2018-12,0,2018-12,False,False
e30de2,2020-12,1,2020-12,False,False
e345b5,2020-02,0,2020-02,True,False
e345b5,2022-02,1,2022-02,True,False
e38daa,2023-01,0,2023-01,True,False
e38daa,2025-01,1,2025-01,True,False
e3a798,2023-10,0,2023-10,True,False
e3a798,2025-10,1,2025-10,False,False
e417d2,2021-09,0,2021-09,True,False
e417d2,2023-09,1,2023-09,True,False
e5031e,2017-06,0,2017-06,True,False
e5031e,2019-06,1,2019-06,True,False
e51569,2024-05,0,2024-05,True,False
e51569,2026-05,1,2026-05,False,False
e580a4,2024-05,0,2024-05,True,False
e580a4,2026-05,1,2026-05,False,False
e58eb2,2022-11,0,2022-11,True,False
e58eb2,2024-11,1,2024-11,True,False
e5b534,2021-04,0,2021-04,True,False
e5b534,2023-04,1,2023-04,True,False
e600a7,2023-10,0,2023-10,True,False
e600a7,2025-10,1,2025-10,False,False
e63c90,2023-05,0,2023-05,True,False
e63c90,2025-05,1,2025-05,True,False
e6d0fd,2021-02,0,2021-02,True,False
e6d0fd,2023-02,1,2023-02,True,False
e7126d,2024-05,0,2024-05,True,False
e7126d,2026-05,1,2026-05,False,False
e71ca9,2020-06,0,2020-06,True,False
e71ca9,2022-06,1,2022-06,True,False
e732cd,2023-08,0,2023-08,True,False
e732cd,2025-08,1,2025-08,True,False
e768cf,2022-01,0,2022-01,True,False
e768cf,2024-01,1,2024-01,True,False
e7b90f,2022-11,0,2022-11,True,False
e7b90f,2024-11,1,2024-11,True,False
e824f3,2020-10,0,2020-10,True,False
e824f3,2022-10,1,2022-10,True,False
e8929a,2017-11,0,2017-11,True,False
e8929a,2019-11,1,2019-11,True,False
e8e7d4,2014-10,0,2014-10,False,False
e8e7d4,2016-10,1,2016-10,False,False
e92159,2023-04,0,2023-04,False,False
e92159,2025-04,1,2025-04,True,False
e932cd,2022-03,0,2022-03,True,False
e932cd,2024-03,1,2024-03,True,False
e94ad7,2020-06,0,2020-06,True,False
e94ad7,2022-06,1,2022-06,True,False
e96033,2022-02,0,2022-02,False,False
e96033,2024-02,1,2024-02,False,False
e9ff50,2020-05,0,2020-05,True,False
e9ff50,2022-05,1,2022-05,True,False
eb385a,2020-11,0,2020-11,True,False
eb385a,2022-11,1,2022-11,True,False
eb6702,2024-05,0,2024-05,True,False
eb6702,2026-05,1,2026-05,False,False
eb6ab8,2022-03,0,2022-03,True,False
eb6ab8,2024-03,1,2024-03,True,False
eba006,2021-11,0,2021-11,True,False
eba006,2023-11,1,2023-11,True,False
ebb325,2019-02,0,2019-02,True,False
ebb325,2021-02,1,2021-02,True,False
ebd47a,2022-08,0,2022-08,True,False
ebd47a,2024-08,1,2024-08,True,False
ec0949,2019-06,0,2019-06,True,False
ec0949,2021-06,1,2021-06,True,False
ec1b05,2023-01,0,2023-01,True,False
ec1b05,2025-01,1,2025-01,True,False
ec3e0e,2021-12,0,2021-12,True,False
ec3e0e,2023-12,1,2023-12,True,False
ed5c9c,2023-04,0,2023-04,True,False
ed5c9c,2025-04,1,2025-04,True,False
ed75b9,2020-08,0,2020-08,True,False
ed75b9,2022-08,1,2022-08,True,False
ed799d,2016-12,0,2016-12,True,False
ed799d,2018-12,1,2018-12,True,False
ed8975,2021-09,0,2021-09,True,False
ed8975,2023-09,1,2023-09,True,False
ed96a0,2022-08,0,2022-08,True,False
ed96a0,2024-08,1,2024-08,True,False
edb22b,2018-10,0,2018-10,True,False
edb22b,2020-10,1,2020-10,True,False
edb75f,2022-06,0,2022-06,True,False
edb75f,2024-06,1,2024-06,True,False
ee5c70,2021-05,0,2021-05,True,False
ee5c70,2023-05,1,2023-05,True,False
eed920,2022-03,0,2022-03,True,False
eed920,2024-03,1,2024-03,True,False
ef2b87,2020-06,0,2020-06,True,False
ef2b87,2022-06,1,2022-06,True,False
ef2c1e,2019-06,0,2019-06,True,False
ef2c1e,2021-06,1,2021-06,True,False
ef8e85,2020-05,0,2020-05,True,False
ef8e85,2022-05,1,2022-05,True,False
efb9f1,2023-10,0,2023-10,True,False
efb9f1,2025-10,1,2025-10,False,False
f03c01,2019-03,0,2019-03,True,False
f03c01,2021-03,1,2021-03,True,False
f0a2aa,2021-09,0,2021-09,True,False
f0a2aa,2023-09,1,2023-09,True,False
f0c1e8,2018-06,0,2018-06,True,False
f0c1e8,2020-06,1,2020-06,True,False
f0e3f0,2021-12,0,2021-12,True,False
f0e3f0,2023-12,1,2023-12,True,False
f14c3a,2023-03,0,2023-03,True,False
f14c3a,2025-03,1,2025-03,True,False
f15113,2020-03,0,2020-03,True,False
f15113,2022-03,1,2022-03,True,False
f183cf,2023-03,0,2023-03,True,False
f183cf,2025-03,1,2025-03,True,False
f18c82,2023-11,0,2023-11,True,False
f18c82,2025-11,1,2025-11,False,False
f23a5d,2023-03,0,2023-03,True,False
f23a5d,2025-03,1,2025-03,True,False
f249f5,2017-09,0,2017-09,False,False
f249f5,2019-09,1,2019-09,False,False
f33e0d,2023-10,0,2023-10,True,False
f33e0d,2025-10,1,2025-10,False,False
f370fc,2019-11,0,2019-11,False,False
f370fc,2021-11,1,2021-11,False,False
f3cbf0,2020-02,0,2020-02,True,False
f3cbf0,2022-02,1,2022-02,True,False
f3d388,2022-04,0,2022-04,True,False
f3d388,2024-04,1,2024-04,True,False
f4102f,2022-10,0,2022-10,True,False
f4102f,2024-10,1,2024-10,True,False
f43da9,2023-01,0,2023-01,True,False
f43da9,2025-01,1,2025-01,True,False
f4b122,2022-06,0,2022-06,True,False
f4b122,2024-06,1,2024-06,True,False
f52b78,2022-10,0,2022-10,True,False
f52b78,2024-10,1,2024-10,True,False
f55621,2022-12,0,2022-12,True,False
f55621,2024-12,1,2024-12,True,False
f5bca0,2023-11,0,2023-11,True,False
f5bca0,2025-11,1,2025-11,False,False
f6cb56,2023-07,0,2023-07,True,False
f6cb56,2025-07,1,2025-07,True,False
f6e2dd,2023-03,0,2023-03,True,False
f6e2dd,2025-03,1,2025-03,True,False
f6ed3b,2020-01,0,2020-01,True,False
f6ed3b,2022-01,1,2022-01,True,False
f725c1,2020-10,0,2020-10,True,False
f725c1,2022-10,1,2022-10,True,False
f7835d,2022-10,0,2022-10,True,False
f7835d,2024-10,1,2024-10,True,False
f802b3,2019-05,0,2019-05,True,False
f802b3,2021-05,1,2021-05,True,False
f9746d,2020-10,0,2020-10,False,False
f9746d,2022-10,1,2022-10,False,False
f979c9,2023-08,0,2023-08,True,False
f979c9,2025-08,1,2025-08,True,False
f9eaca,2023-09,0,2023-09,True,False
f9eaca,2025-09,1,2025-09,True,False
fa03c6,2019-01,0,2019-01,False,False
fa03c6,2021-01,1,2021-01,False,False
fa1596,2019-07,0,2019-07,False,False
fa1596,2021-07,1,2021-07,True,False
fb28ac,2020-02,0,2020-02,True,False
fb28ac,2022-02,1,2022-02,True,False
fb564d,2023-04,0,2023-04,True,False
fb564d,2025-04,1,2025-04,True,False
fb66d7,2021-05,0,2021-05,True,False
fb66d7,2023-05,1,2023-05,True,False
fb9753,2021-09,0,2021-09,True,False
fb9753,2023-09,1,2023-09,True,False
fba9d1,2022-10,0,2022-10,True,False
fba9d1,2024-10,1,2024-10,True,False
fc2746,2021-02,0,2021-02,True,False
fc2746,2023-02,1,2023-02,True,False
fce0b7,2023-04,0,2023-04,True,False
fce0b7,2025-04,1,2025-04,True,False
fd73e4,2019-06,0,2019-06,True,False
fd73e4,2021-06,1,2021-06,True,False
fd9779,2021-04,0,2021-04,True,False
fd9779,2023-04,1,2023-04,True,False
fe7dc6,2022-11,0,2022-11,True,False
fe7dc6,2024-11,1,2024-11,True,False
ff5997,2023-03,0,2023-03,True,False
ff5997,2025-03,1,2025-03,True,False
ffc2ce,2023-08,0,2023-08,True,False
ffc2ce,2025-08,1,2025-08,True,False
